Workbook
Name ACTION: #REF!

Sheet Guideline
A1: Guideline to make and understand Unit Test Case
A3: 1. Overview
A4: - In the template, Unit test cases are based on functions. Each sheet presents test cases for one function.
A5: - Cover: General information of the project and Unit Test cases
A6: - FunctionList: The list of Classes and Functions in the document. + To control that the number of Unit TC meets customer's requirement or the norm, user should fill value for 'Normal number of Test cases/KLOC'.
A7: + Click on Function link to open the related Test cases of the function. Note: You should create new Function sheet before creating the link
A8: - Test Report: provive the overview results of Functions Unit test: Test coverage, Test successful coverage (Summary, for normal/abnormal/boundary cases)
A9: Note: Should check the formula of "Sub Total" if you add more functions
A11: 2. Content in Test function sheet
A12: 2.1 Combination of test cases.
A13: - To verify that number of Unit TC meets customer's requirement or not. User has to fill number LOC of tested function and fill value of 'Normal number test cases/KLOC' item in FunctionList sheet, which is required by customer or normal value. The number of lacked TC is shown in 'Lack of test cases' item.
A14: - If the number of Unit TC does not meet the requirement, creator should explain the reasons.
... A47: - Test requirement: Brief description about requirements which are tested in this function, it is not mandatory.

Sheet Cover
B2: UNIT TEST DOCUMENT
A4: Project Name | B4: Bandwidth Calculator | E4: Creator | F4: Truong Minh Nhat
A5: Project Code | B5: SWT301_Lab1 | E5: Issue Date | F5: 46184
A6: Document Code | B6: SWT301_Lab1_SE183605_Trương Minh Nhật_V1.0 | E6: Version | F6: 1.0
A9: Record of change
A10: Effective Date | B10: Version | C10: Change Item | D10: *A,D,M | E10: Change description | F10: Reference
A11: <Date when these changes are effective> | F11: <List of documents which are refered in this version.>

Sheet Functions
E2: Function List
A4: Project Name | E4: Bandwidth Calculator
A5: Project Code | E5: SWT301_Lab1
A6: Normal number of Test cases/KLOC | E6: 9
A7: Test Environment Setup Description | E7: <List enviroment requires in this system 1. Server 2. Database 3. Web Browser ... >
A10: No | B10: Requirement Name | C10: Class Name | D10: Function Name | E10: Function Code(Optional) | F10: Sheet Name | G10: Description | H10: Pre-Condition
A11: 1 | B11: Bandwidth Calculation | C11: N/A (Module) | D11: calculateAllocation | E11: calculate-allocation.ts | F11: Calculate Allocation | G11: Calculates the bandwidth allocation and resolution based on participant count and meeting tier. | H11: participants must be a positive integer > 0.

Sheet Statistics
A2: UNIT TEST REPORT
A4: Project Name | B4: =Cover!B4 -> Bandwidth Calculator | D4: Creator
A5: Project Code | B5: =Cover!B5 -> SWT301_Lab1 | D5: Reviewer/Approver
A6: Document Code | B6: =B5&"_"&"Test Report"&"_"&"vx.x" -> SWT301_Lab1_Test Report_vx.x | D6: Issue Date | F6: <Date when this test report is created>
A7: Notes | B7: <List modules included in this release> ex: Release 1 includes 2 modules: Module1 and Module2
A11: No | B11: Function code | C11: Passed | D11: Failed | E11: Untested | F11: N | G11: A | H11: B | I11: Total Test Cases
A12: 1 | B12: Function1 | C12: ='Calculate Allocation'!A7 -> 10 | D12: ='Calculate Allocation'!C7 -> 5 | E12: ='Calculate Allocation'!F7 -> 0 | F12: ='Calculate Allocation'!L7 -> 10 | G12: ='Calculate Allocation'!M7 -> 3 | H12: ='Calculate Allocation'!N7 -> 2 | I12: ='Calculate Allocation'!O7 -> 15
A13: 2 | B13: Function2 | C13: ='Calculate Allocation'!A7 -> 10 | D13: ='Calculate Allocation'!C7 -> 5 | E13: ='Calculate Allocation'!F7 -> 0 | F13: ='Calculate Allocation'!L7 -> 10 | G13: ='Calculate Allocation'!M7 -> 3 | H13: ='Calculate Allocation'!N7 -> 2 | I13: ='Calculate Allocation'!O7 -> 15
A14: 3 | B14: Function3 | C14: =#REF! -> #REF! | D14: =#REF! -> #REF! | E14: =#REF! -> #REF! | F14: =#REF! -> #REF! | G14: =#REF! -> #REF! | H14: =#REF! -> #REF! | I14: =#REF! -> #REF!
B17: Sub total | C17: =SUM(C10:C16) -> #REF! | D17: =SUM(D10:D16) -> #REF! | E17: =SUM(E10:E16) -> #REF! | F17: =SUM(F10:F16) -> #REF! | G17: =SUM(G10:G16) -> #REF! | H17: =SUM(H10:H16) -> #REF! | I17: =SUM(I10:I16) -> #REF!
B19: Test coverage | D19: =(C17+D17)*100/(I17) -> #REF! | E19: %
B20: Test successful coverage | D20: =C17*100/(I17) -> #REF! | E20: %
B21: Normal case | D21: =F17*100/I17 -> #REF! | E21: %
B22: Abnormal case | D22: =G17*100/I17 -> #REF! | E22: %
B23: Boundary case | D23: =H17*100/I17 -> #REF! | E23: %

Sheet Calculate Allocation
A2: Function Code | F2: Function Name | L2: Calculate Allocation
A3: Created By | C3: Truong Minh Nhat | F3: Executed By | L3: Truong Minh Nhat
A4: Lines of code | C4: 300 | F4: Lack of test cases | L4: =IF(Functions!E6<>"N/A",SUM(C4*Functions!E6/1000,- O7),"N/A") -> -12.3
A5: Test requirement | C5: <Brief description about requirements which are tested in this function>
A6: Passed | C6: Failed | F6: Untested | L6: N/A/B | O6: Total Test Cases
A7: =COUNTIF(F37:HQ37,"P") -> 10 | C7: =COUNTIF(F37:HQ37,"F") -> 5 | F7: =SUM(O7,- A7,- C7) -> 0 | L7: =COUNTIF(E36:HQ36,"N") -> 10 | M7: =COUNTIF(E36:HQ36,"A") -> 3 | N7: =COUNTIF(E36:HQ36,"B") -> 2 | O7: =COUNTA(E9:HT9) -> 15
F9: UTCID01 | G9: UTCID02 | H9: UTCID03 | I9: UTCID04 | J9: UTCID05 | K9: UTCID06 | L9: UTCID07 | M9: UTCID08 | N9: UTCID09 | O9: UTCID10 | P9: UTCID11 | Q9: UTCID12 | R9: UTCID13 | S9: UTCID14 | T9: UTCID15
A10: Condition | B10: Precondition
B11: App is running
B14: Input1
D15: 21 | K15: O
D16: 10 | I16: O | J16: O
D17: 100 | H17: O | L17: O
D18: null
D19: 101 | G19: O | M19: O
D20: -1 | F20: O | N20: O
B21: Input2
D22: standard | F22: O | G22: O | H22: O | I22: O
D23: gov | J23: O | K23: O | L23: O | M23: O | N23: O
A24: Confirm | B24: Return
B25: 1080p | J25: O
B26: 720p | I26: O | K26: O | L26: O
B27: 480p
B28: AUDIO_ONLY | G28: O | H28: O
B29: Exception
B30: Participants must be a positive integer. | F30: O | N30: O
B31: Government nodes support a maximum of 100 users. | M31: O
B32: Standard tier supports a maximum of 100 users. | G32: O
B33: Log message
D34: "success"
D35: "input1 is null"
A36: Result | B36: Type(N : Normal, A : Abnormal, B : Boundary) | F36: A | G36: B | H36: N | I36: N | J36: N | K36: B | L36: A | M36: N | N36: N | O36: N | P36: N | Q36: N | R36: A | S36: N | T36: N
B37: Passed/Failed | F37: F | G37: F | H37: P | I37: P | J37: P | K37: P | L37: P | M37: F | N37: F | O37: P | P37: P | Q37: P | R37: F | S37: P | T37: P
B38: Executed Date | F38: 39139 | G38: 39139 | H38: 39140 | I38: 39141 | J38: 39142 | K38: 39143 | L38: 39144 | M38: 39145 | N38: 39146 | O38: 39147 | P38: 39148 | Q38: 39149 | R38: 39150 | S38: 39151 | T38: 39152
B39: Defect ID | K39: DFID002 | L39: DFID004 | M39: DFID005 | N39: DFID006 | O39: DFID007 | P39: DFID008 | Q39: DFID009 | R39: DFID010 | S39: DFID011 | T39: DFID012
